{
  "min_x": 160.09261,
  "max_x": 623.27689,
  "min_y": 191.92,
  "max_y": 1184.08,
  "cell_size": 1
}