{
  "NE9": {
    "center": [
      -122.9986350356165,
      49.25407170151675
    ]
  },
  "NE7": {
    "center": [
      -122.998609247269,
      49.25369459042255
    ]
  },
  "NE10": {
    "center": [
      -122.9985228731385,
      49.2532598789194
    ]
  },
  "NE6": {
    "center": [
      -122.99988802181,
      49.25331046256135
    ]
  },
  "NE23": {
    "center": [
      -123.001124489338,
      49.2529136052227
    ]
  },
  "NE4": {
    "center": [
      -123.001126437888,
      49.25334181317035
    ]
  },
  "NE2": {
    "center": [
      -123.0015535905725,
      49.253320313769706
    ]
  },
  "NE28": {
    "center": [
      -122.99992344099249,
      49.252470671566556
    ]
  },
  "NE24": {
    "center": [
      -123.001124566895,
      49.2524714766067
    ]
  },
  "NW1": {
    "center": [
      -123.003367062489,
      49.2527624263401
    ]
  },
  "NW3": {
    "center": [
      -123.00261322180401,
      49.25313301062335
    ]
  },
  "NW5": {
    "center": [
      -123.002342634448,
      49.2525251979323
    ]
  },
  "NW6": {
    "center": [
      -123.002440419151,
      49.2521072711885
    ]
  },
  "NE20": {
    "center": [
      -123.00150831020801,
      49.252065306682596
    ]
  },
  "NE18": {
    "center": [
      -123.000696108646,
      49.2520661825118
    ]
  },
  "NE16": {
    "center": [
      -122.99977347071149,
      49.2520605753784
    ]
  },
  "SE1": {
    "center": [
      -122.9992370400185,
      49.25111425466605
    ]
  },
  "SE4": {
    "center": [
      -123.00012192523499,
      49.2513214619748
    ]
  },
  "SE6": {
    "center": [
      -123.00043685785599,
      49.250876382735456
    ]
  },
  "SW1": {
    "center": [
      -123.00319524110799,
      49.25095925388315
    ]
  },
  "SW2": {
    "center": [
      -123.00332294503801,
      49.250381118291045
    ]
  },
  "SW3": {
    "center": [
      -123.00338014216851,
      49.24988222237555
    ]
  },
  "SW5": {
    "center": [
      -123.0026349785735,
      49.2497250387307
    ]
  },
  "SW9": {
    "center": [
      -123.00277291888699,
      49.2485778028993
    ]
  },
  "SE16": {
    "center": [
      -123.00083205748851,
      49.24873944196945
    ]
  },
  "SW10": {
    "center": [
      -123.001760181418,
      49.2474990031489
    ]
  },
  "SW11": {
    "center": [
      -123.00225070939149,
      49.24715711025535
    ]
  },
  "SW12": {
    "center": [
      -123.0016303956275,
      49.24702224742505
    ]
  },
  "SW13": {
    "center": [
      -123.0020756825365,
      49.24667549306905
    ]
  },
  "SW14": {
    "center": [
      -123.0015642968765,
      49.246559130371054
    ]
  },
  "SW15": {
    "center": [
      -123.00204919839649,
      49.2461690670054
    ]
  },
  "SW16": {
    "center": [
      -123.001492337902,
      49.2460770018288
    ]
  },
  "SE12": {
    "center": [
      -122.99936180318349,
      49.2524717103434
    ]
  },
  "SE14": {
    "center": [
      -123.0007991979515,
      49.2495182524959
    ]
  },
  "SE30": {
    "center": [
      -122.998739347189,
      49.24629214059135
    ]
  },
  "SE41": {
    "center": [
      -122.9993584093215,
      49.24376798049025
    ]
  },
  "SE40": {
    "center": [
      -122.99878914817799,
      49.2434309748444
    ]
  },
  "SE42": {
    "center": [
      -122.99946130907699,
      49.2433949358806
    ]
  },
  "NE1": {
    "center": [
      -123.000982355369,
      49.2540809427775
    ]
  },
  "SE50": {
    "center": [
      -122.998989662338,
      49.24268064931455
    ]
  },
  "SE10": {
    "center": [
      -123.0006442446275,
      49.2498359087749
    ]
  },
  "SE2": {
    "center": [
      -123.0015448145855,
      49.2513959870228
    ]
  },
  "SE9": {
    "center": [
      -123.00132101475549,
      49.25042766573575
    ]
  },
  "NE3": {
    "center": [
      -122.999694250244,
      49.25396091406755
    ]
  },
  "NE12": {
    "center": [
      -122.9985727087855,
      49.25267630408865
    ]
  },
  "NE8": {
    "center": [
      -122.9992453385205,
      49.2532737888052
    ]
  },
  "SE19": {
    "center": [
      -122.9986232267175,
      49.24900732715605
    ]
  },
  "H3": {
    "center": [
      -123.000037230359,
      49.25372320815895
    ]
  },
  "NE25": {
    "center": [
      -123.00044215262349,
      49.252900495227394
    ]
  },
  "NE22": {
    "center": [
      -123.001651241948,
      49.252465421893
    ]
  },
  "SE8": {
    "center": [
      -123.001419535027,
      49.25078359518615
    ]
  },
  "NW4": {
    "center": [
      -123.0033223485995,
      49.25213717087235
    ]
  }
}