{
  "min_x": 182.9878,
  "max_x": 599.6222,
  "min_y": 182.784136,
  "max_y": 1182.009064,
  "cell_size": 1
}