{
  "min_x": 257.027418,
  "max_x": 1139.6016820000002,
  "min_y": 58.852028000000004,
  "max_y": 744.1793720000001,
  "cell_size": 1
}