{
  "min_x": 41.090528000000006,
  "max_x": 1175.240272,
  "min_y": 43.279398,
  "max_y": 756.7507019999999,
  "cell_size": 1
}